Assay,Sample ID,Timepoint,Droplet Count Mu,Droplet Count WT,Ratio ([Mu]/[WT])
TP53_A276P,14886,48,0,4457,0
TP53_A276P,15223,63,1,3078,0.000324886
TP53_A276P,15860,70,1,9707,0.000103018
TP53_A276P,17102,78,3,3272,0.00091687
TP53_A276P,18435,90,36,3059,0.011768552
TP53_A276P,21069,102,938,1890,0.496296296
TP53_A276P,gDNA,0,0,1494,0
TP53_A276P,Pos,0,1897,3326,0.570354781
TP53_A276P,water,0,0,0,na
TP53_C135S,14099,1,0,3101,0
TP53_C135S,14481,2,0,2934,0
TP53_C135S,14828,3,0,3075,0
TP53_C135S,16386,4,406,4068,0.099803343
TP53_C135S,17159,5,198,3781,0.052367099
TP53_C135S,17833,6,74,3807,0.019437878
TP53_C135S,19892,7,4,3226,0.001239926
TP53_C135S,gDNA,0,0,1832,0
TP53_C135S,Pos,0,541,5638,0.095956013
TP53_C135S,water,0,0,0,na
TP53_G266R,6578,1,1,3577,0.000279564
TP53_G266R,6876,2,17,4266,0.003984998
TP53_G266R,7111,3,200,3821,0.052342319
TP53_G266R,7202,4,2,2327,0.000859476
TP53_G266R,7369,5,132,3628,0.036383682
TP53_G266R,7602,6,176,3024,0.058201058
TP53_G266R,gDNA,0,0,1338,0
TP53_G266R,Pos,0,397,5885,0.067459643
TP53_G266R,water,0,0,0,na
TP53_L257Q,14810,1,3,3743,0.000801496
TP53_L257Q,15059,2,8,2497,0.003203845
TP53_L257Q,15454,3,12,3565,0.003366059
TP53_L257Q,15763,4,182,7995,0.022764228
TP53_L257Q,16101,5,392,6238,0.062840654
TP53_L257Q,16943,6,1036,7923,0.130758551
TP53_L257Q,17350,7,1965,5099,0.38536968
TP53_L257Q,gDNA,0,0,1229,0
TP53_L257Q,Pos,0,1995,5066,0.393801816
TP53_L257Q,water,0,0,0,na
TP53_R175H,7201,1,0,3426,0
TP53_R175H,7291,2,0,4679,0
TP53_R175H,7324,3,1,3220,0.000310559
TP53_R175H,7341,4,0,3212,0
TP53_R175H,8331,5,32,3901,0.008203025
TP53_R175H,8865,6,301,7524,0.040005316
TP53_R175H,11072,7,665,1262,0.526941363
TP53_R175H,gDNA,0,0,1694,0
TP53_R175H,Pos,0,38,221,0.171945701
TP53_R175H,water,0,0,0,na
TP53_R213P,14810,1,8,3860,0.002072539
TP53_R213P,15059,2,0,2650,0
TP53_R213P,15454,3,17,3587,0.004739336
TP53_R213P,15763,4,170,7577,0.02243632
TP53_R213P,16101,5,347,6579,0.052743578
TP53_R213P,16943,6,720,5771,0.12476174
TP53_R213P,17350,7,1829,4717,0.387746449
TP53_R213P,gDNA,0,0,1448,0
TP53_R213P,Pos,0,1179,3412,0.345545135
TP53_R213P,water,0,0,0,na
TP53_R249S,6578,1,0,3398,0
TP53_R249S,6876,2,7,3997,0.001751313
TP53_R249S,7111,3,50,3694,0.013535463
TP53_R249S,7202,4,0,1984,0
TP53_R249S,7369,5,722,2796,0.258226037
TP53_R249S,7602,6,719,2693,0.266988489
TP53_R249S.2?,16238,1,0,5515,0
TP53_R249S.2?,16646,2,0,3053,0
TP53_R249S.2?,17319,3,182,7887,0.023075948
TP53_R249S.2?,17764,4,416,4979,0.083550914
TP53_R249S,gDNA,0,0,1598,0
TP53_R249S,Pos,0,1086,3845,0.282444733
TP53_R249S,water,0,0,0,na
TP53_V172F,6578,1,0,3629,0
TP53_V172F,6876,2,7,4314,0.001622624
TP53_V172F,7111,3,24,3724,0.006444683
TP53_V172F,7202,4,0,2263,0
TP53_V172F,7369,5,176,3761,0.046796065
TP53_V172F,7602,6,119,3612,0.032945736
TP53_V172F,gDNA,0,0,1811,0
TP53_V172F,Pos,0,317,5449,0.058175812
TP53_V172F,water,0,0,0,na